probe_name,sample_name,video_name,num_images,threshold,mean_fake_prob,fake_positive_rate
animations,example--d0,DEMO/ADHOC/frames/example--d0,32,0.1,0.057580817490816116,0.09375
animations,example--d0,DEMO/ADHOC/frames/example--d0,32,0.2,0.057580817490816116,0.09375
animations,example--d0,DEMO/ADHOC/frames/example--d0,32,0.3,0.057580817490816116,0.0625
animations,example--d0,DEMO/ADHOC/frames/example--d0,32,0.4,0.057580817490816116,0.0625
animations,example--d0,DEMO/ADHOC/frames/example--d0,32,0.5,0.057580817490816116,0.0625
animations,example--d0,DEMO/ADHOC/frames/example--d0,32,0.6,0.057580817490816116,0.03125
animations,example--d0,DEMO/ADHOC/frames/example--d0,32,0.7,0.057580817490816116,0.0
animations,example--d0,DEMO/ADHOC/frames/example--d0,32,0.8,0.057580817490816116,0.0
animations,example--d0,DEMO/ADHOC/frames/example--d0,32,0.9,0.057580817490816116,0.0
animations,example--d13,DEMO/ADHOC/frames/example--d13,32,0.1,0.33761411905288696,0.46875
animations,example--d13,DEMO/ADHOC/frames/example--d13,32,0.2,0.33761411905288696,0.40625
animations,example--d13,DEMO/ADHOC/frames/example--d13,32,0.3,0.33761411905288696,0.375
animations,example--d13,DEMO/ADHOC/frames/example--d13,32,0.4,0.33761411905288696,0.34375
animations,example--d13,DEMO/ADHOC/frames/example--d13,32,0.5,0.33761411905288696,0.3125
animations,example--d13,DEMO/ADHOC/frames/example--d13,32,0.6,0.33761411905288696,0.28125
animations,example--d13,DEMO/ADHOC/frames/example--d13,32,0.7,0.33761411905288696,0.25
animations,example--d13,DEMO/ADHOC/frames/example--d13,32,0.8,0.33761411905288696,0.25
animations,example--d13,DEMO/ADHOC/frames/example--d13,32,0.9,0.33761411905288696,0.21875
animations,example--d18,DEMO/ADHOC/frames/example--d18,32,0.1,0.17515534162521362,0.28125
animations,example--d18,DEMO/ADHOC/frames/example--d18,32,0.2,0.17515534162521362,0.21875
animations,example--d18,DEMO/ADHOC/frames/example--d18,32,0.3,0.17515534162521362,0.21875
animations,example--d18,DEMO/ADHOC/frames/example--d18,32,0.4,0.17515534162521362,0.1875
animations,example--d18,DEMO/ADHOC/frames/example--d18,32,0.5,0.17515534162521362,0.1875
animations,example--d18,DEMO/ADHOC/frames/example--d18,32,0.6,0.17515534162521362,0.1875
animations,example--d18,DEMO/ADHOC/frames/example--d18,32,0.7,0.17515534162521362,0.15625
animations,example--d18,DEMO/ADHOC/frames/example--d18,32,0.8,0.17515534162521362,0.125
animations,example--d18,DEMO/ADHOC/frames/example--d18,32,0.9,0.17515534162521362,0.03125
animations,example--d19,DEMO/ADHOC/frames/example--d19,32,0.1,0.3037674129009247,0.59375
animations,example--d19,DEMO/ADHOC/frames/example--d19,32,0.2,0.3037674129009247,0.53125
animations,example--d19,DEMO/ADHOC/frames/example--d19,32,0.3,0.3037674129009247,0.40625
animations,example--d19,DEMO/ADHOC/frames/example--d19,32,0.4,0.3037674129009247,0.3125
animations,example--d19,DEMO/ADHOC/frames/example--d19,32,0.5,0.3037674129009247,0.25
animations,example--d19,DEMO/ADHOC/frames/example--d19,32,0.6,0.3037674129009247,0.1875
animations,example--d19,DEMO/ADHOC/frames/example--d19,32,0.7,0.3037674129009247,0.15625
animations,example--d19,DEMO/ADHOC/frames/example--d19,32,0.8,0.3037674129009247,0.125
animations,example--d19,DEMO/ADHOC/frames/example--d19,32,0.9,0.3037674129009247,0.09375
animations,example--d3,DEMO/ADHOC/frames/example--d3,31,0.1,0.00913609005510807,0.03225806451612903
animations,example--d3,DEMO/ADHOC/frames/example--d3,31,0.2,0.00913609005510807,0.0
animations,example--d3,DEMO/ADHOC/frames/example--d3,31,0.3,0.00913609005510807,0.0
animations,example--d3,DEMO/ADHOC/frames/example--d3,31,0.4,0.00913609005510807,0.0
animations,example--d3,DEMO/ADHOC/frames/example--d3,31,0.5,0.00913609005510807,0.0
animations,example--d3,DEMO/ADHOC/frames/example--d3,31,0.6,0.00913609005510807,0.0
animations,example--d3,DEMO/ADHOC/frames/example--d3,31,0.7,0.00913609005510807,0.0
animations,example--d3,DEMO/ADHOC/frames/example--d3,31,0.8,0.00913609005510807,0.0
animations,example--d3,DEMO/ADHOC/frames/example--d3,31,0.9,0.00913609005510807,0.0
animations,s0--28__podium_speech_happy,DEMO/ADHOC/frames/s0--28__podium_speech_happy,9,0.1,0.3095667064189911,0.5555555555555556
animations,s0--28__podium_speech_happy,DEMO/ADHOC/frames/s0--28__podium_speech_happy,9,0.2,0.3095667064189911,0.3333333333333333
animations,s0--28__podium_speech_happy,DEMO/ADHOC/frames/s0--28__podium_speech_happy,9,0.3,0.3095667064189911,0.3333333333333333
animations,s0--28__podium_speech_happy,DEMO/ADHOC/frames/s0--28__podium_speech_happy,9,0.4,0.3095667064189911,0.3333333333333333
animations,s0--28__podium_speech_happy,DEMO/ADHOC/frames/s0--28__podium_speech_happy,9,0.5,0.3095667064189911,0.2222222222222222
animations,s0--28__podium_speech_happy,DEMO/ADHOC/frames/s0--28__podium_speech_happy,9,0.6,0.3095667064189911,0.2222222222222222
animations,s0--28__podium_speech_happy,DEMO/ADHOC/frames/s0--28__podium_speech_happy,9,0.7,0.3095667064189911,0.2222222222222222
animations,s0--28__podium_speech_happy,DEMO/ADHOC/frames/s0--28__podium_speech_happy,9,0.8,0.3095667064189911,0.2222222222222222
animations,s0--28__podium_speech_happy,DEMO/ADHOC/frames/s0--28__podium_speech_happy,9,0.9,0.3095667064189911,0.2222222222222222
animations,s42--d0,DEMO/ADHOC/frames/s42--d0,32,0.1,0.0007189892930909991,0.0
animations,s42--d0,DEMO/ADHOC/frames/s42--d0,32,0.2,0.0007189892930909991,0.0
animations,s42--d0,DEMO/ADHOC/frames/s42--d0,32,0.3,0.0007189892930909991,0.0
animations,s42--d0,DEMO/ADHOC/frames/s42--d0,32,0.4,0.0007189892930909991,0.0
animations,s42--d0,DEMO/ADHOC/frames/s42--d0,32,0.5,0.0007189892930909991,0.0
animations,s42--d0,DEMO/ADHOC/frames/s42--d0,32,0.6,0.0007189892930909991,0.0
animations,s42--d0,DEMO/ADHOC/frames/s42--d0,32,0.7,0.0007189892930909991,0.0
animations,s42--d0,DEMO/ADHOC/frames/s42--d0,32,0.8,0.0007189892930909991,0.0
animations,s42--d0,DEMO/ADHOC/frames/s42--d0,32,0.9,0.0007189892930909991,0.0
animations,s42--d3,DEMO/ADHOC/frames/s42--d3,32,0.1,0.03283983841538429,0.03125
animations,s42--d3,DEMO/ADHOC/frames/s42--d3,32,0.2,0.03283983841538429,0.03125
animations,s42--d3,DEMO/ADHOC/frames/s42--d3,32,0.3,0.03283983841538429,0.03125
animations,s42--d3,DEMO/ADHOC/frames/s42--d3,32,0.4,0.03283983841538429,0.03125
animations,s42--d3,DEMO/ADHOC/frames/s42--d3,32,0.5,0.03283983841538429,0.03125
animations,s42--d3,DEMO/ADHOC/frames/s42--d3,32,0.6,0.03283983841538429,0.03125
animations,s42--d3,DEMO/ADHOC/frames/s42--d3,32,0.7,0.03283983841538429,0.03125
animations,s42--d3,DEMO/ADHOC/frames/s42--d3,32,0.8,0.03283983841538429,0.03125
animations,s42--d3,DEMO/ADHOC/frames/s42--d3,32,0.9,0.03283983841538429,0.03125
animations,s42--d9,DEMO/ADHOC/frames/s42--d9,32,0.1,0.009900013916194439,0.03125
animations,s42--d9,DEMO/ADHOC/frames/s42--d9,32,0.2,0.009900013916194439,0.0
animations,s42--d9,DEMO/ADHOC/frames/s42--d9,32,0.3,0.009900013916194439,0.0
animations,s42--d9,DEMO/ADHOC/frames/s42--d9,32,0.4,0.009900013916194439,0.0
animations,s42--d9,DEMO/ADHOC/frames/s42--d9,32,0.5,0.009900013916194439,0.0
animations,s42--d9,DEMO/ADHOC/frames/s42--d9,32,0.6,0.009900013916194439,0.0
animations,s42--d9,DEMO/ADHOC/frames/s42--d9,32,0.7,0.009900013916194439,0.0
animations,s42--d9,DEMO/ADHOC/frames/s42--d9,32,0.8,0.009900013916194439,0.0
animations,s42--d9,DEMO/ADHOC/frames/s42--d9,32,0.9,0.009900013916194439,0.0
kobe_test,kobe_sample,UNK/kobe/kobe_frames_copy,24,0.1,0.2049204558134079,0.25
kobe_test,kobe_sample,UNK/kobe/kobe_frames_copy,24,0.2,0.2049204558134079,0.20833333333333334
kobe_test,kobe_sample,UNK/kobe/kobe_frames_copy,24,0.3,0.2049204558134079,0.20833333333333334
kobe_test,kobe_sample,UNK/kobe/kobe_frames_copy,24,0.4,0.2049204558134079,0.20833333333333334
kobe_test,kobe_sample,UNK/kobe/kobe_frames_copy,24,0.5,0.2049204558134079,0.20833333333333334
kobe_test,kobe_sample,UNK/kobe/kobe_frames_copy,24,0.6,0.2049204558134079,0.20833333333333334
kobe_test,kobe_sample,UNK/kobe/kobe_frames_copy,24,0.7,0.2049204558134079,0.20833333333333334
kobe_test,kobe_sample,UNK/kobe/kobe_frames_copy,24,0.8,0.2049204558134079,0.16666666666666666
kobe_test,kobe_sample,UNK/kobe/kobe_frames_copy,24,0.9,0.2049204558134079,0.125
tiktok,sampled_bundle,UNK/tiktok/563_1774777509,24,0.1,0.22184832394123077,0.5416666666666666
tiktok,sampled_bundle,UNK/tiktok/563_1774777509,24,0.2,0.22184832394123077,0.4583333333333333
tiktok,sampled_bundle,UNK/tiktok/563_1774777509,24,0.3,0.22184832394123077,0.375
tiktok,sampled_bundle,UNK/tiktok/563_1774777509,24,0.4,0.22184832394123077,0.20833333333333334
tiktok,sampled_bundle,UNK/tiktok/563_1774777509,24,0.5,0.22184832394123077,0.125
tiktok,sampled_bundle,UNK/tiktok/563_1774777509,24,0.6,0.22184832394123077,0.125
tiktok,sampled_bundle,UNK/tiktok/563_1774777509,24,0.7,0.22184832394123077,0.041666666666666664
tiktok,sampled_bundle,UNK/tiktok/563_1774777509,24,0.8,0.22184832394123077,0.0
tiktok,sampled_bundle,UNK/tiktok/563_1774777509,24,0.9,0.22184832394123077,0.0
tiktok,sampled_bundle,UNK/tiktok/564_1774777598,24,0.1,0.5562624931335449,0.625
tiktok,sampled_bundle,UNK/tiktok/564_1774777598,24,0.2,0.5562624931335449,0.625
tiktok,sampled_bundle,UNK/tiktok/564_1774777598,24,0.3,0.5562624931335449,0.625
tiktok,sampled_bundle,UNK/tiktok/564_1774777598,24,0.4,0.5562624931335449,0.5833333333333334
tiktok,sampled_bundle,UNK/tiktok/564_1774777598,24,0.5,0.5562624931335449,0.5833333333333334
tiktok,sampled_bundle,UNK/tiktok/564_1774777598,24,0.6,0.5562624931335449,0.5416666666666666
tiktok,sampled_bundle,UNK/tiktok/564_1774777598,24,0.7,0.5562624931335449,0.5
tiktok,sampled_bundle,UNK/tiktok/564_1774777598,24,0.8,0.5562624931335449,0.5
tiktok,sampled_bundle,UNK/tiktok/564_1774777598,24,0.9,0.5562624931335449,0.4583333333333333
