split,model,group,method,num_fake,num_real,accuracy,balanced_accuracy,fake_accuracy,real_accuracy,auc
test_ff,full_fusion,EFS,DiT,3711,2000,0.9436175801085624,0.9415156965777418,0.9485313931554837,0.9345,0.9861360819186202
test_ff,full_fusion,EFS,RDDM,3711,2000,0.9770618105410611,0.9672499999999999,1.0,0.9345,0.9999894907033144
test_ff,full_fusion,EFS,SiT,3711,2000,0.9611276483978287,0.9549891538668822,0.9754783077337645,0.9345,0.9926637698733496
test_ff,full_fusion,EFS,StyleGAN2,3711,2000,0.9770618105410611,0.9672499999999999,1.0,0.9345,0.9999952842899489
test_ff,full_fusion,EFS,StyleGAN3,3711,2000,0.9770618105410611,0.9672499999999999,1.0,0.9345,0.9999952842899489
test_ff,full_fusion,EFS,StyleGANXL,2783,2000,0.9726113318001255,0.9672499999999999,1.0,0.9345,1.0
test_ff,full_fusion,EFS,VQGAN,3711,2000,0.9770618105410611,0.9672499999999999,1.0,0.9345,0.9999869307464295
test_ff,full_fusion,EFS,ddim,3711,2000,0.9718087900542812,0.9632079628132579,0.9919159256265158,0.9345,0.9975179196981946
test_ff,full_fusion,EFS,pixart,3711,2000,0.9744353002976711,0.9652289814066289,0.9959579628132579,0.9345,0.998550929668553
test_ff,full_fusion,EFS,sd2.1,3711,2000,0.9761863071265978,0.966576327135543,0.998652654271086,0.9345,0.9996054971705739
test_ff,full_fusion,FE,e4e,4479,2000,0.9797808303750579,0.9672499999999999,1.0,0.9345,0.9999933020763563
test_ff,full_fusion,FE,stargan,200,2000,0.9404545454545454,0.9672499999999999,1.0,0.9345,0.999655
test_ff,full_fusion,FE,starganv2,200,2000,0.9404545454545454,0.9672499999999999,1.0,0.9345,0.999855
test_ff,full_fusion,FR,MRAA,4455,2000,0.9769171185127807,0.9652297979797979,0.9959595959595959,0.9345,0.9984049382716049
test_ff,full_fusion,FR,danet,4411,2000,0.9789424426766495,0.9667965880752664,0.9990931761505327,0.9345,0.9989385626841986
test_ff,full_fusion,FR,facevid2vid,4467,2000,0.9792794185866708,0.9669142041638683,0.9993284083277367,0.9345,0.9998064696664427
test_ff,full_fusion,FR,fomm,4454,2000,0.9797025100712736,0.9672499999999999,1.0,0.9345,0.9997768298158958
test_ff,full_fusion,FR,hyperreenact,4479,2000,0.9797808303750579,0.9672499999999999,1.0,0.9345,0.9999315695467738
test_ff,full_fusion,FR,lia,4447,2000,0.9713044827051341,0.9611784911176073,0.9878569822352148,0.9345,0.9964935911850686
test_ff,full_fusion,FR,mcnet,4400,2000,0.97890625,0.9667954545454546,0.9990909090909091,0.9345,0.9992232954545455
test_ff,full_fusion,FR,one_shot_free,4470,2000,0.9795981452859351,0.9671381431767339,0.9997762863534676,0.9345,0.9996420581655481
test_ff,full_fusion,FR,pirender,4478,2000,0.9786971287434393,0.9664684010719071,0.9984368021438143,0.9345,0.9991279589102279
test_ff,full_fusion,FR,sadtalker,4415,2000,0.9335931410756041,0.9338411664779163,0.9331823329558324,0.9345,0.9815379388448471
test_ff,full_fusion,FR,tpsm,4442,2000,0.9796647004036013,0.9672499999999999,1.0,0.9345,0.9993233903647006
test_ff,full_fusion,FR,wav2lip,4378,2000,0.8609281906553778,0.8809092051164915,0.8273184102329831,0.9345,0.9559805847418912
test_ff,full_fusion,FS,blendface,4467,2000,0.961187567651152,0.9538181665547347,0.9731363331094695,0.9345,0.9933457577792703
test_ff,full_fusion,FS,e4s,3662,2000,0.9680324973507595,0.9604231294374659,0.9863462588749318,0.9345,0.9955020480611688
test_ff,full_fusion,FS,facedancer,4458,2000,0.8916073087643234,0.9034321444593989,0.8723642889187977,0.9345,0.9683078734858681
test_ff,full_fusion,FS,faceswap,4461,2000,0.8291286178610122,0.8581937345886572,0.7818874691773146,0.9345,0.9311851602779647
test_ff,full_fusion,FS,fsgan,4455,2000,0.9395817195972115,0.9381815375982043,0.9418630751964086,0.9345,0.9841052749719417
test_ff,full_fusion,FS,inswap,3762,2000,0.9378687955570982,0.9370798777246145,0.9396597554492291,0.9345,0.9844821903242956
test_ff,full_fusion,FS,mobileswap,4455,2000,0.9604957397366383,0.9533330527497195,0.9721661054994388,0.9345,0.9924663299663299
test_ff,full_fusion,FS,simswap,4468,2000,0.9605751391465677,0.953373545210385,0.97224709042077,0.9345,0.9929574753804834
test_ff,full_fusion,FS,uniface,4465,2000,0.9716937354988399,0.9614269316909294,0.9883538633818589,0.9345,0.9969124300111982
test_ff,route_meta_fusion,EFS,DiT,3711,2000,0.928208720014008,0.9348459983831852,0.9126919967663703,0.957,0.9854250875774724
test_ff,route_meta_fusion,EFS,RDDM,3711,2000,0.9847662405883383,0.9783652654271086,0.9997305308542171,0.957,0.9999804634869307
test_ff,route_meta_fusion,EFS,SiT,3711,2000,0.9504465067413763,0.9519572891403933,0.9469145782807868,0.957,0.9908601455133388
test_ff,route_meta_fusion,EFS,StyleGAN2,3711,2000,0.984941341271231,0.9784999999999999,1.0,0.957,0.9999986526542711
test_ff,route_meta_fusion,EFS,StyleGAN3,3711,2000,0.984941341271231,0.9784999999999999,1.0,0.957,0.9999986526542711
test_ff,route_meta_fusion,EFS,StyleGANXL,2783,2000,0.9820196529374869,0.9784999999999999,1.0,0.957,0.999999820337765
test_ff,route_meta_fusion,EFS,VQGAN,3711,2000,0.9847662405883383,0.9783652654271086,0.9997305308542171,0.957,0.999972648881703
test_ff,route_meta_fusion,EFS,ddim,3711,2000,0.9761863071265978,0.9717632713554298,0.9865265427108596,0.957,0.9980716787927782
test_ff,route_meta_fusion,EFS,pixart,3711,2000,0.9810891262475924,0.9755358393963891,0.9940716787927782,0.957,0.999173538129884
test_ff,route_meta_fusion,EFS,sd2.1,3711,2000,0.983365435125197,0.9772873888439774,0.9975747776879548,0.957,0.9995563190514686
test_ff,route_meta_fusion,FE,e4e,4479,2000,0.986726346658435,0.9784999999999999,1.0,0.957,0.9999790131725832
test_ff,route_meta_fusion,FE,stargan,200,2000,0.9604545454545454,0.976,0.995,0.957,0.9992099999999999
test_ff,route_meta_fusion,FE,starganv2,200,2000,0.9609090909090909,0.9784999999999999,1.0,0.957,0.9996175
test_ff,route_meta_fusion,FR,MRAA,4455,2000,0.9612703330751355,0.9600937149270483,0.9631874298540966,0.957,0.993708305274972
test_ff,route_meta_fusion,FR,danet,4411,2000,0.9525815005459367,0.9537890501020176,0.9505781002040353,0.957,0.9902422353207889
test_ff,route_meta_fusion,FR,facevid2vid,4467,2000,0.9865470852017937,0.9783880680546228,0.9997761361092455,0.957,0.9998570629057533
test_ff,route_meta_fusion,FR,fomm,4454,2000,0.9793926247288504,0.9732238437359677,0.9894476874719353,0.957,0.9982174449932646
test_ff,route_meta_fusion,FR,hyperreenact,4479,2000,0.9845655193702731,0.9769371511498102,0.9968743022996205,0.957,0.9995329314579147
test_ff,route_meta_fusion,FR,lia,4447,2000,0.9345431983868466,0.940721722509557,0.924443445019114,0.957,0.9865501461659545
test_ff,route_meta_fusion,FR,mcnet,4400,2000,0.96140625,0.9602045454545454,0.9634090909090909,0.957,0.9930861363636363
test_ff,route_meta_fusion,FR,one_shot_free,4470,2000,0.973724884080371,0.9691040268456376,0.9812080536912752,0.957,0.9967002237136464
test_ff,route_meta_fusion,FR,pirender,4478,2000,0.97360296387774,0.9690091558731577,0.9810183117463154,0.957,0.9964239615899956
test_ff,route_meta_fusion,FR,sadtalker,4415,2000,0.8180826188620421,0.8560764439411098,0.7551528878822197,0.957,0.9513481313703284
test_ff,route_meta_fusion,FR,tpsm,4442,2000,0.9628997205836697,0.9612780279153534,0.9655560558307069,0.957,0.9936318099954976
test_ff,route_meta_fusion,FR,wav2lip,4378,2000,0.7546252743806836,0.8095872544540885,0.6621745089081772,0.957,0.9326621745089083
test_ff,route_meta_fusion,FS,blendface,4467,2000,0.940930879851554,0.9453681441683457,0.9337362883366913,0.957,0.988088426236848
test_ff,route_meta_fusion,FS,e4s,3662,2000,0.9652066407629812,0.9633443473511742,0.9696886947023484,0.957,0.9930916166029492
test_ff,route_meta_fusion,FS,facedancer,4458,2000,0.8756580984825023,0.8980827725437416,0.8391655450874832,0.957,0.9680722296994168
test_ff,route_meta_fusion,FS,faceswap,4461,2000,0.8353196099674973,0.868883322125084,0.7807666442501682,0.957,0.9489818426361801
test_ff,route_meta_fusion,FS,fsgan,4455,2000,0.9134004647560031,0.9254135802469136,0.8938271604938272,0.957,0.977727946127946
test_ff,route_meta_fusion,FS,inswap,3762,2000,0.9007289135716765,0.9139066985645933,0.8708133971291866,0.957,0.9754618553960659
test_ff,route_meta_fusion,FS,mobileswap,4455,2000,0.9429899302865995,0.9468501683501683,0.9367003367003367,0.957,0.9899050505050505
test_ff,route_meta_fusion,FS,simswap,4468,2000,0.9440321583178726,0.9476136974037601,0.9382273948075202,0.957,0.98865051477171
test_ff,route_meta_fusion,FS,uniface,4465,2000,0.9583913379737046,0.9580072788353864,0.9590145576707727,0.957,0.9929941769316909
test_ff,bridge_allocator_only,EFS,DiT,3711,2000,0.89546489231308,0.8698840609000269,0.9552681218000539,0.7845,0.9495098356238211
test_ff,bridge_allocator_only,EFS,RDDM,3711,2000,0.9245316056732621,0.89225,1.0,0.7845,0.9844808003233629
test_ff,bridge_allocator_only,EFS,SiT,3711,2000,0.9059709332866398,0.8779681352735111,0.9714362705470224,0.7845,0.9584872002155754
test_ff,bridge_allocator_only,EFS,StyleGAN2,3711,2000,0.9245316056732621,0.89225,1.0,0.7845,0.9830214901643761
test_ff,bridge_allocator_only,EFS,StyleGAN3,3711,2000,0.9245316056732621,0.89225,1.0,0.7845,0.9830207491242252
test_ff,bridge_allocator_only,EFS,StyleGANXL,2783,2000,0.9098891908843821,0.89225,1.0,0.7845,0.9859213977721885
test_ff,bridge_allocator_only,EFS,VQGAN,3711,2000,0.9245316056732621,0.89225,1.0,0.7845,0.9855849501482081
test_ff,bridge_allocator_only,EFS,ddim,3711,2000,0.9196287865522675,0.8884774319590407,0.9924548639180814,0.7845,0.9701262462947993
test_ff,bridge_allocator_only,EFS,pixart,3711,2000,0.9238312029416915,0.8917110617084344,0.9989221234168688,0.7845,0.9780750471571005
test_ff,bridge_allocator_only,EFS,sd2.1,3711,2000,0.9234810015759062,0.8914415925626515,0.9983831851253031,0.7845,0.9809595122608461
test_ff,bridge_allocator_only,FE,e4e,4479,2000,0.9334773884858775,0.89225,1.0,0.7845,0.9994326858673811
test_ff,bridge_allocator_only,FE,stargan,200,2000,0.8036363636363636,0.88975,0.995,0.7845,0.9969900000000002
test_ff,bridge_allocator_only,FE,starganv2,200,2000,0.8040909090909091,0.89225,1.0,0.7845,0.9986237499999999
test_ff,bridge_allocator_only,FR,MRAA,4455,2000,0.926568551510457,0.8874239618406286,0.990347923681257,0.7845,0.9797388888888888
test_ff,bridge_allocator_only,FR,danet,4411,2000,0.9048510372796755,0.8719598163681705,0.959419632736341,0.7845,0.9699493878939017
test_ff,bridge_allocator_only,FR,facevid2vid,4467,2000,0.9331993196226999,0.8921380680546227,0.9997761361092455,0.7845,0.987492444593687
test_ff,bridge_allocator_only,FR,fomm,4454,2000,0.9313603966532383,0.890902896273013,0.997305792546026,0.7845,0.9861100696003592
test_ff,bridge_allocator_only,FR,hyperreenact,4479,2000,0.9330143540669856,0.8919151038178165,0.999330207635633,0.7845,0.9877975552578702
test_ff,bridge_allocator_only,FR,lia,4447,2000,0.90181479758027,0.8695380593658646,0.9545761187317292,0.7845,0.964871711266022
test_ff,bridge_allocator_only,FR,mcnet,4400,2000,0.91328125,0.8781590909090908,0.9718181818181818,0.7845,0.9756939772727272
test_ff,bridge_allocator_only,FR,one_shot_free,4470,2000,0.9234930448222566,0.8850911633109619,0.9856823266219239,0.7845,0.982185067114094
test_ff,bridge_allocator_only,FR,pirender,4478,2000,0.9242050015436863,0.8855505806163466,0.9866011612326931,0.7845,0.9829993858865567
test_ff,bridge_allocator_only,FR,sadtalker,4415,2000,0.8310210444271239,0.8182975651189128,0.8520951302378256,0.7845,0.9101766138165345
test_ff,bridge_allocator_only,FR,tpsm,4442,2000,0.9150884818379386,0.8791928185502026,0.9738856371004052,0.7845,0.9761191467807294
test_ff,bridge_allocator_only,FR,wav2lip,4378,2000,0.8148322358105989,0.8065944495203289,0.8286888990406578,0.7845,0.8898746573777981
test_ff,bridge_allocator_only,FS,blendface,4467,2000,0.909540745322406,0.8750124804119095,0.9655249608238191,0.7845,0.9677384710096263
test_ff,bridge_allocator_only,FS,e4s,3662,2000,0.9138113740727658,0.8844673675587111,0.9844347351174222,0.7845,0.9782183233205899
test_ff,bridge_allocator_only,FS,facedancer,4458,2000,0.8750387116754413,0.8500786227007626,0.9156572454015254,0.7845,0.9379587258860476
test_ff,bridge_allocator_only,FS,faceswap,4461,2000,0.8689057421451788,0.8456236830307107,0.9067473660614213,0.7845,0.9296882985877606
test_ff,bridge_allocator_only,FS,fsgan,4455,2000,0.8975987606506584,0.8664363075196408,0.9483726150392817,0.7845,0.9541604938271604
test_ff,bridge_allocator_only,FS,inswap,3762,2000,0.8807705657757723,0.8582255449229133,0.9319510898458266,0.7845,0.9458699494949494
test_ff,bridge_allocator_only,FS,mobileswap,4455,2000,0.9192873741285825,0.8821489898989898,0.9797979797979798,0.7845,0.9734574635241302
test_ff,bridge_allocator_only,FS,simswap,4468,2000,0.9141929499072357,0.8783735452103849,0.97224709042077,0.7845,0.9659827103849598
test_ff,bridge_allocator_only,FS,uniface,4465,2000,0.9195668986852281,0.88228359462486,0.98006718924972,0.7845,0.9759938969764836
test_ff,bridge_expert_mean,EFS,DiT,3711,2000,0.894414288215724,0.8747236593909997,0.9404473187819995,0.809,0.9551682834815415
test_ff,bridge_expert_mean,EFS,RDDM,3711,2000,0.9331115391350027,0.9045000000000001,1.0,0.809,0.9997026407976286
test_ff,bridge_expert_mean,EFS,SiT,3711,2000,0.9082472421642445,0.8853676906494207,0.9617353812988413,0.809,0.9629621395850174
test_ff,bridge_expert_mean,EFS,StyleGAN2,3711,2000,0.9331115391350027,0.9045000000000001,1.0,0.809,0.98255591484775
test_ff,bridge_expert_mean,EFS,StyleGAN3,3711,2000,0.9331115391350027,0.9045000000000001,1.0,0.809,0.9825481002425223
test_ff,bridge_expert_mean,EFS,StyleGANXL,2783,2000,0.9201338072339535,0.9045000000000001,1.0,0.809,0.9922472152353575
test_ff,bridge_expert_mean,EFS,VQGAN,3711,2000,0.9331115391350027,0.9045000000000001,1.0,0.809,0.9913817030450013
test_ff,bridge_expert_mean,EFS,ddim,3711,2000,0.9287340220626861,0.9011316356777149,0.9932632713554298,0.809,0.9646891673403395
test_ff,bridge_expert_mean,EFS,pixart,3711,2000,0.932411136403432,0.9039610617084344,0.9989221234168688,0.809,0.9811991376987336
test_ff,bridge_expert_mean,EFS,sd2.1,3711,2000,0.9325862370863246,0.9040957962813259,0.9991915925626516,0.809,0.9810098356238209
test_ff,bridge_expert_mean,FE,e4e,4479,2000,0.9408859391881463,0.9043883679392721,0.9997767358785443,0.809,0.9351280419736548
test_ff,bridge_expert_mean,FE,stargan,200,2000,0.8254545454545454,0.8995,0.99,0.809,0.914895
test_ff,bridge_expert_mean,FE,starganv2,200,2000,0.8263636363636364,0.9045000000000001,1.0,0.809,0.88689
test_ff,bridge_expert_mean,FR,MRAA,4455,2000,0.9315259488768397,0.8977659932659933,0.9865319865319865,0.809,0.9902102132435466
test_ff,bridge_expert_mean,FR,danet,4411,2000,0.9153018249883014,0.8862501700294718,0.9635003400589436,0.809,0.9754820902289729
test_ff,bridge_expert_mean,FR,facevid2vid,4467,2000,0.940930879851554,0.9045000000000001,1.0,0.809,0.9895488023281845
test_ff,bridge_expert_mean,FR,fomm,4454,2000,0.9387976448713976,0.9030406376290975,0.9970812752581949,0.809,0.9941937584193983
test_ff,bridge_expert_mean,FR,hyperreenact,4479,2000,0.9405772495755518,0.9041651038178165,0.999330207635633,0.809,0.99803527573119
test_ff,bridge_expert_mean,FR,lia,4447,2000,0.9098805646036916,0.8821253654148864,0.9552507308297729,0.809,0.9719244434450193
test_ff,bridge_expert_mean,FR,mcnet,4400,2000,0.921875,0.8910909090909092,0.9731818181818181,0.809,0.9788546590909092
test_ff,bridge_expert_mean,FR,one_shot_free,4470,2000,0.9324574961360124,0.8983478747203579,0.9876957494407159,0.809,0.9909729306487696
test_ff,bridge_expert_mean,FR,pirender,4478,2000,0.9317690645260883,0.8978005806163466,0.9866011612326931,0.809,0.9895650960250112
test_ff,bridge_expert_mean,FR,sadtalker,4415,2000,0.8313328137178488,0.8252248018120045,0.8414496036240091,0.809,0.9153250283125708
test_ff,bridge_expert_mean,FR,tpsm,4442,2000,0.9242471282210494,0.8925684376407024,0.9761368752814048,0.809,0.9784669067987393
test_ff,bridge_expert_mean,FR,wav2lip,4378,2000,0.8115396676074005,0.8108499314755596,0.8126998629511192,0.809,0.8871145500228415
test_ff,bridge_expert_mean,FS,blendface,4467,2000,0.9147982062780269,0.8855835012312514,0.9621670024625028,0.809,0.9681243004253413
test_ff,bridge_expert_mean,FS,e4s,3662,2000,0.9201695513952667,0.8949423812124522,0.9808847624249044,0.809,0.9793511742217367
test_ff,bridge_expert_mean,FS,facedancer,4458,2000,0.8765871786930939,0.8579544638851504,0.9069089277703006,0.809,0.9368170704351728
test_ff,bridge_expert_mean,FS,faceswap,4461,2000,0.8678223185265439,0.8515970634386909,0.8941941268773818,0.809,0.9192103788388253
test_ff,bridge_expert_mean,FS,fsgan,4455,2000,0.9017815646785438,0.8762171717171717,0.9434343434343434,0.809,0.9595157126823795
test_ff,bridge_expert_mean,FS,inswap,3762,2000,0.8821589725789656,0.8650263157894738,0.9210526315789473,0.809,0.9486034024455078
test_ff,bridge_expert_mean,FS,mobileswap,4455,2000,0.9261037955073587,0.8938378226711561,0.978675645342312,0.809,0.97134898989899
test_ff,bridge_expert_mean,FS,simswap,4468,2000,0.9182127396413111,0.8880496866606984,0.9670993733213966,0.809,0.965745411817368
test_ff,bridge_expert_mean,FS,uniface,4465,2000,0.9249806651198763,0.8929658454647257,0.9769316909294513,0.809,0.9792303471444569
test_ff,bridge_expert_max,EFS,DiT,3711,2000,0.894414288215724,0.8670008757747238,0.9585017515494476,0.7755,0.9506699002964161
test_ff,bridge_expert_max,EFS,RDDM,3711,2000,0.9213797933811941,0.88775,1.0,0.7755,0.9968129884128267
test_ff,bridge_expert_max,EFS,SiT,3711,2000,0.9052705305550691,0.8753544192939908,0.9752088385879817,0.7755,0.9595661546752896
test_ff,bridge_expert_max,EFS,StyleGAN2,3711,2000,0.9213797933811941,0.88775,1.0,0.7755,0.9978927512799785
test_ff,bridge_expert_max,EFS,StyleGAN3,3711,2000,0.9213797933811941,0.88775,1.0,0.7755,0.9978928860145514
test_ff,bridge_expert_max,EFS,StyleGANXL,2783,2000,0.9061258624294376,0.88775,1.0,0.7755,0.9987826985267697
test_ff,bridge_expert_max,EFS,VQGAN,3711,2000,0.9213797933811941,0.88775,1.0,0.7755,0.9994603206682835
test_ff,bridge_expert_max,EFS,ddim,3711,2000,0.9187532831378042,0.8857289814066289,0.9959579628132579,0.7755,0.9910107113985449
test_ff,bridge_expert_max,EFS,pixart,3711,2000,0.9210295920154089,0.8874805308542172,0.9994610617084344,0.7755,0.988550929668553
test_ff,bridge_expert_max,EFS,sd2.1,3711,2000,0.9210295920154089,0.8874805308542172,0.9994610617084344,0.7755,0.9976219347884667
test_ff,bridge_expert_max,FE,e4e,4479,2000,0.9306991819725267,0.88775,1.0,0.7755,0.9993204398303193
test_ff,bridge_expert_max,FE,stargan,200,2000,0.7954545454545454,0.88525,0.995,0.7755,0.9969837500000001
test_ff,bridge_expert_max,FE,starganv2,200,2000,0.7959090909090909,0.88775,1.0,0.7755,0.99712
test_ff,bridge_expert_max,FR,MRAA,4455,2000,0.9251742835011619,0.8839340628507295,0.992368125701459,0.7755,0.9882088664421997
test_ff,bridge_expert_max,FR,danet,4411,2000,0.9081266573077523,0.8718805826343232,0.9682611652686466,0.7755,0.9768588755384267
test_ff,bridge_expert_max,FR,facevid2vid,4467,2000,0.9305705891448894,0.88775,1.0,0.7755,0.9923832549809716
test_ff,bridge_expert_max,FR,fomm,4454,2000,0.9293461419274869,0.8869641894925909,0.9984283789851819,0.7755,0.9931243264481366
test_ff,bridge_expert_max,FR,hyperreenact,4479,2000,0.9302361475536348,0.8874151038178164,0.999330207635633,0.7755,0.9977544652824291
test_ff,bridge_expert_max,FR,lia,4447,2000,0.905072126570498,0.8694230380031482,0.9633460760062964,0.7755,0.9712145266471779
test_ff,bridge_expert_max,FR,mcnet,4400,2000,0.91453125,0.8766136363636363,0.9777272727272728,0.7755,0.9804852272727271
test_ff,bridge_expert_max,FR,one_shot_free,4470,2000,0.923338485316847,0.8824927293064877,0.9894854586129754,0.7755,0.989540212527964
test_ff,bridge_expert_max,FR,pirender,4478,2000,0.9232787897499228,0.8823904644930772,0.9892809289861545,0.7755,0.9885195958016972
test_ff,bridge_expert_max,FR,sadtalker,4415,2000,0.8367887763055339,0.8200263306908266,0.8645526613816534,0.7755,0.9163289920724802
test_ff,bridge_expert_max,FR,tpsm,4442,2000,0.9161751009003415,0.877506866276452,0.9795137325529041,0.7755,0.9803411188653761
test_ff,bridge_expert_max,FR,wav2lip,4378,2000,0.8178112260896833,0.8063201233439927,0.8371402466879854,0.7755,0.8877856898126998
test_ff,bridge_expert_max,FS,blendface,4467,2000,0.9089222205040978,0.8720795276471904,0.968659055294381,0.7755,0.966760073875084
test_ff,bridge_expert_max,FS,e4s,3662,2000,0.9118685976686683,0.8809231294374659,0.9863462588749318,0.7755,0.9787921900600765
test_ff,bridge_expert_max,FS,facedancer,4458,2000,0.8753484050789718,0.8478217810677433,0.9201435621354868,0.7755,0.9349473979362943
test_ff,bridge_expert_max,FS,faceswap,4461,2000,0.8704534901718001,0.8442619928267204,0.9130239856534409,0.7755,0.9260267877157589
test_ff,bridge_expert_max,FS,fsgan,4455,2000,0.8958946553059643,0.8627219416386083,0.9499438832772166,0.7755,0.9547700336700335
test_ff,bridge_expert_max,FS,inswap,3762,2000,0.8802499132245748,0.8557191653375864,0.9359383306751727,0.7755,0.9445820707070707
test_ff,bridge_expert_max,FS,mobileswap,4455,2000,0.9189775367931836,0.8794447250280584,0.9833894500561168,0.7755,0.9727494949494949
test_ff,bridge_expert_max,FS,simswap,4468,2000,0.9121830550401979,0.8744330796777081,0.9733661593554163,0.7755,0.9640208706356312
test_ff,bridge_expert_max,FS,uniface,4465,2000,0.9186388244392885,0.8791273796192609,0.9827547592385218,0.7755,0.97501444568869
test_ff,bridge_gate_fusion,EFS,DiT,3711,2000,0.8949395902644021,0.8697103880355699,0.9539207760711399,0.7855,0.9326843842630019
test_ff,bridge_gate_fusion,EFS,RDDM,3711,2000,0.9248818070390474,0.8927499999999999,1.0,0.7855,0.9991420102398275
test_ff,bridge_gate_fusion,EFS,SiT,3711,2000,0.9056207319208545,0.8779291969819456,0.9703583939638911,0.7855,0.9457421853947722
test_ff,bridge_gate_fusion,EFS,StyleGAN2,3711,2000,0.9248818070390474,0.8927499999999999,1.0,0.7855,0.9988212072217731
test_ff,bridge_gate_fusion,EFS,StyleGAN3,3711,2000,0.9248818070390474,0.8927499999999999,1.0,0.7855,0.9988209377526273
test_ff,bridge_gate_fusion,EFS,StyleGANXL,2783,2000,0.9103073384904872,0.8927499999999999,1.0,0.7855,0.9993666906216313
test_ff,bridge_gate_fusion,EFS,VQGAN,3711,2000,0.9248818070390474,0.8927499999999999,1.0,0.7855,0.9990045809754784
test_ff,bridge_gate_fusion,EFS,ddim,3711,2000,0.9201540886009455,0.8891121665319321,0.9927243330638642,0.7855,0.977616545405551
test_ff,bridge_gate_fusion,EFS,pixart,3711,2000,0.9238312029416915,0.8919415925626515,0.9983831851253031,0.7855,0.9823817704122878
test_ff,bridge_gate_fusion,EFS,sd2.1,3711,2000,0.9238312029416915,0.8919415925626515,0.9983831851253031,0.7855,0.9911983966585826
test_ff,bridge_gate_fusion,FE,e4e,4479,2000,0.933786078098472,0.8927499999999999,1.0,0.7855,0.9984532261665551
test_ff,bridge_gate_fusion,FE,stargan,200,2000,0.8045454545454546,0.89025,0.995,0.7855,0.994335
test_ff,bridge_gate_fusion,FE,starganv2,200,2000,0.805,0.8927499999999999,1.0,0.7855,0.9788124999999999
test_ff,bridge_gate_fusion,FR,MRAA,4455,2000,0.9268783888458559,0.8879239618406285,0.990347923681257,0.7855,0.962181593714927
test_ff,bridge_gate_fusion,FR,danet,4411,2000,0.9051630010918733,0.8724598163681705,0.959419632736341,0.7855,0.9692164475175697
test_ff,bridge_gate_fusion,FR,facevid2vid,4467,2000,0.933508582031854,0.8926380680546228,0.9997761361092455,0.7855,0.993730579807477
test_ff,bridge_gate_fusion,FR,fomm,4454,2000,0.9316702819956616,0.891402896273013,0.997305792546026,0.7855,0.9855492815446787
test_ff,bridge_gate_fusion,FR,hyperreenact,4479,2000,0.9333230436795802,0.8924151038178165,0.999330207635633,0.7855,0.9963323844608171
test_ff,bridge_gate_fusion,FR,lia,4447,2000,0.9019699084845665,0.8699256240161907,0.9543512480323814,0.7855,0.9575866876545986
test_ff,bridge_gate_fusion,FR,mcnet,4400,2000,0.9134375,0.8785454545454545,0.9715909090909091,0.7855,0.9770797159090909
test_ff,bridge_gate_fusion,FR,one_shot_free,4470,2000,0.9238021638330758,0.8855911633109619,0.9856823266219239,0.7855,0.9782762304250558
test_ff,bridge_gate_fusion,FR,pirender,4478,2000,0.9245137388082741,0.8860505806163466,0.9866011612326931,0.7855,0.9725377400625279
test_ff,bridge_gate_fusion,FR,sadtalker,4415,2000,0.8310210444271239,0.8185710645526614,0.8516421291053228,0.7855,0.8953413363533409
test_ff,bridge_gate_fusion,FR,tpsm,4442,2000,0.9157094070164545,0.8799179423683026,0.9743358847366052,0.7855,0.9774317874831158
test_ff,bridge_gate_fusion,FR,wav2lip,4378,2000,0.814989024772656,0.8069802421196893,0.8284604842393787,0.7855,0.880684444952033
test_ff,bridge_gate_fusion,FS,blendface,4467,2000,0.9096953765269832,0.8754005484665324,0.9653010969330647,0.7855,0.9417561002910232
test_ff,bridge_gate_fusion,FS,e4s,3662,2000,0.9141646061462381,0.8849673675587111,0.9844347351174222,0.7855,0.9752259694156199
test_ff,bridge_gate_fusion,FS,facedancer,4458,2000,0.8751935583772066,0.8504664647824136,0.9154329295648272,0.7855,0.9199473418573351
test_ff,bridge_gate_fusion,FS,faceswap,4461,2000,0.8689057421451788,0.8458995180452813,0.9062990360905626,0.7855,0.918002970186057
test_ff,bridge_gate_fusion,FS,fsgan,4455,2000,0.8979085979860573,0.8669363075196408,0.9483726150392817,0.7855,0.9364714365881033
test_ff,bridge_gate_fusion,FS,inswap,3762,2000,0.8812912183269698,0.8588584529505582,0.9322169059011164,0.7855,0.9272204944178629
test_ff,bridge_gate_fusion,FS,mobileswap,4455,2000,0.9195972114639814,0.8826489898989899,0.9797979797979798,0.7855,0.9495284511784511
test_ff,bridge_gate_fusion,FS,simswap,4468,2000,0.9145021645021645,0.878873545210385,0.97224709042077,0.7855,0.9485337399283796
test_ff,bridge_gate_fusion,FS,uniface,4465,2000,0.920030935808198,0.8828955767077267,0.9802911534154535,0.7855,0.9618969764837626
ood,full_fusion,EFS,MidJourney,630,1000,0.42576687116564416,0.3845873015873016,0.20317460317460317,0.566,0.31102857142857143
ood,full_fusion,EFS,whichfaceisreal,1001,1000,0.8020989505247377,0.8020154845154845,0.9690309690309691,0.635,0.9553676323676323
ood,full_fusion,FE,CollabDiff,1000,1000,0.9205,0.9205,0.987,0.854,0.993154
ood,full_fusion,FE,styleclip,2824,1000,0.9495292887029289,0.9219079320113315,0.9798158640226629,0.864,0.9914468838526912
ood,full_fusion,FR,heygen_new,1605,7536,0.9094191007548408,0.8732264569319602,0.8174454828660436,0.9290074309978769,0.9497827251622121
ood,full_fusion,FS,deepfacelab,3122,1547,0.7532662240308418,0.638101808505396,0.9795003203074952,0.2967032967032967,0.8894673081374668
ood,route_meta_fusion,EFS,MidJourney,630,1000,0.5736196319018405,0.4727857142857143,0.02857142857142857,0.917,0.31373492063492064
ood,route_meta_fusion,EFS,whichfaceisreal,1001,1000,0.9085457271364318,0.9085544455544456,0.8911088911088911,0.926,0.9706418581418582
ood,route_meta_fusion,FE,CollabDiff,1000,1000,0.9655,0.9655,0.952,0.979,0.995749
ood,route_meta_fusion,FE,styleclip,2824,1000,0.9746338912133892,0.9737832861189801,0.9755665722379604,0.972,0.9973024079320113
ood,route_meta_fusion,FR,heygen_new,1605,7536,0.8806476315501586,0.6846424390340695,0.3825545171339564,0.9867303609341825,0.9513167119735961
ood,route_meta_fusion,FS,deepfacelab,3122,1547,0.8151638466481045,0.7822177163380013,0.8798846893017297,0.6845507433742728,0.8849846596106535
ood,bridge_allocator_only,EFS,MidJourney,630,1000,0.5539877300613497,0.4608968253968254,0.050793650793650794,0.871,0.379834126984127
ood,bridge_allocator_only,EFS,whichfaceisreal,1001,1000,0.887056471764118,0.8870519480519481,0.8961038961038961,0.878,0.9606438561438563
ood,bridge_allocator_only,FE,CollabDiff,1000,1000,0.946,0.946,0.954,0.938,0.9869545000000001
ood,bridge_allocator_only,FE,styleclip,2824,1000,0.9748953974895398,0.9662096317280453,0.9844192634560907,0.948,0.9959120042492917
ood,bridge_allocator_only,FR,heygen_new,1605,7536,0.8764905371403566,0.7439061352858305,0.5395638629283489,0.9482484076433121,0.909773812594665
ood,bridge_allocator_only,FS,deepfacelab,3122,1547,0.8134504176483187,0.7427822111942397,0.9522741832158873,0.5332902391725921,0.8482082035987903
ood,bridge_expert_mean,EFS,MidJourney,630,1000,0.561963190184049,0.46475396825396825,0.03650793650793651,0.893,0.2997492063492063
ood,bridge_expert_mean,EFS,whichfaceisreal,1001,1000,0.8860569715142429,0.8860654345654346,0.8691308691308691,0.903,0.931896103896104
ood,bridge_expert_mean,FE,CollabDiff,1000,1000,0.955,0.955,0.953,0.957,0.983843
ood,bridge_expert_mean,FE,styleclip,2824,1000,0.9728033472803347,0.9673767705382437,0.9787535410764873,0.956,0.9806165014164306
ood,bridge_expert_mean,FR,heygen_new,1605,7536,0.8759435510338037,0.7273926275373535,0.4984423676012461,0.9563428874734607,0.9421658696615538
ood,bridge_expert_mean,FS,deepfacelab,3122,1547,0.819447419147569,0.7555821914830092,0.9449071108263933,0.5662572721396251,0.8926658279731347
ood,bridge_expert_max,EFS,MidJourney,630,1000,0.5460122699386503,0.4552777777777778,0.05555555555555555,0.855,0.3262603174603175
ood,bridge_expert_max,EFS,whichfaceisreal,1001,1000,0.9010494752623688,0.9010314685314685,0.9370629370629371,0.865,0.9641018981018981
ood,bridge_expert_max,FE,CollabDiff,1000,1000,0.9485,0.9485,0.967,0.93,0.9908170000000001
ood,bridge_expert_max,FE,styleclip,2824,1000,0.9751569037656904,0.9650949008498584,0.9861898016997167,0.944,0.9964436968838526
ood,bridge_expert_max,FR,heygen_new,1605,7536,0.8827261787550597,0.7636245709069984,0.5800623052959502,0.9471868365180467,0.9347015116640541
ood,bridge_expert_max,FS,deepfacelab,3122,1547,0.8121653458984793,0.738397187091463,0.957078795643818,0.519715578539108,0.8651525115047745
ood,bridge_gate_fusion,EFS,MidJourney,630,1000,0.554601226993865,0.4613968253968254,0.050793650793650794,0.872,0.2962777777777778
ood,bridge_gate_fusion,EFS,whichfaceisreal,1001,1000,0.887056471764118,0.8870519480519481,0.8961038961038961,0.878,0.9596548451548451
ood,bridge_gate_fusion,FE,CollabDiff,1000,1000,0.947,0.947,0.952,0.942,0.9892715000000001
ood,bridge_gate_fusion,FE,styleclip,2824,1000,0.9751569037656904,0.9667096317280452,0.9844192634560907,0.949,0.9936777620396601
ood,bridge_gate_fusion,FR,heygen_new,1605,7536,0.8757247565911825,0.7414802716431533,0.5345794392523364,0.9483811040339702,0.9254568310944435
ood,bridge_gate_fusion,FS,deepfacelab,3122,1547,0.8138787748982651,0.743428623605358,0.9522741832158873,0.5345830639948287,0.8577953775508135
